stage,id,tones,group_bits,group_symbols,carrier_hz,packets,errors,ber,span_hz,symbol_s,torque_ratio_to_published,pruned_states,numerical_checks,max_block_s,max_latency_s
screen,M2_g1b1_spanT0.4_f18,2,1,1,18.0,4,0,0.0,0.717857142857143,0.5572139303482587,2.052583447645176,0,True,0.004214199958369136,224.00498369993875
screen,M2_g1b1_spanT0.4_f24,2,1,1,24.0,4,0,0.0,0.717857142857143,0.5572139303482587,2.052583447645176,0,True,0.004026800044812262,224.00469210004667
screen,M2_g1b1_spanT0.8_f18,2,1,1,18.0,4,0,0.0,1.435714285714286,0.5572139303482587,4.105166895290352,0,True,0.004351300012785941,224.0050638000248
screen,M2_g1b1_spanT0.8_f24,2,1,1,24.0,4,0,0.0,1.435714285714286,0.5572139303482587,4.105166895290352,0,True,0.0036471999483183026,224.00433949998114
screen,M2_g1b1_spanT1.2_f18,2,1,1,18.0,4,145,0.16183035714285715,2.1535714285714285,0.5572139303482587,6.157750342935526,0,True,0.005053900007624179,224.00580849999096
screen,M2_g1b1_spanT1.2_f24,2,1,1,24.0,4,309,0.34486607142857145,2.1535714285714285,0.5572139303482587,6.157750342935526,0,True,0.0032218999695032835,224.00397009996232
screen,M2_g1b1_spanT1.6_f18,2,1,1,18.0,4,467,0.5212053571428571,2.871428571428572,0.5572139303482587,8.210333790580703,0,True,0.004636800033040345,224.00537590001477
screen,M2_g1b1_spanT1.6_f24,2,1,1,24.0,4,485,0.5412946428571429,2.871428571428572,0.5572139303482587,8.210333790580703,0,True,0.004015000013168901,224.00468230003025
screen,M3_g2b3_spanT0.4_f18,3,3,2,18.0,4,26,0.029017857142857144,0.4892857142857144,0.8175182481751825,0.9535639892292842,0,True,0.0021210999693721533,224.00289139995584
screen,M3_g2b3_spanT0.4_f24,3,3,2,24.0,4,116,0.12946428571428573,0.4892857142857144,0.8175182481751825,0.9535639892292842,0,True,0.0025603999965824187,224.00306259997888
screen,M3_g2b3_spanT0.8_f18,3,3,2,18.0,4,0,0.0,0.9785714285714288,0.8175182481751825,1.9071279784585684,0,True,0.002627100038807839,224.00342670001555
screen,M3_g2b3_spanT0.8_f24,3,3,2,24.0,4,0,0.0,0.9785714285714288,0.8175182481751825,1.9071279784585684,0,True,0.0021659000194631517,224.002120500023
screen,M3_g2b3_spanT1.2_f18,3,3,2,18.0,4,0,0.0,1.4678571428571427,0.8175182481751825,2.8606919676878517,0,True,0.0018342999974265695,224.00254259997746
screen,M3_g2b3_spanT1.2_f24,3,3,2,24.0,4,0,0.0,1.4678571428571427,0.8175182481751825,2.8606919676878517,0,True,0.0038389000110328197,224.00212460005423
screen,M3_g2b3_spanT1.6_f18,3,3,2,18.0,4,0,0.0,1.9571428571428575,0.8175182481751825,3.814255956917137,0,True,0.003672800026834011,224.0037985999952
screen,M3_g2b3_spanT1.6_f24,3,3,2,24.0,4,0,0.0,1.9571428571428575,0.8175182481751825,3.814255956917137,0,True,0.0018410999909974635,224.0025798000279
screen,M4_g1b2_spanT0.4_f18,4,2,1,18.0,4,302,0.33705357142857145,0.37500000000000006,1.0666666666666667,0.5601280292638317,0,True,0.02226280001923442,224.01400060008746
screen,M4_g1b2_spanT0.4_f24,4,2,1,24.0,4,312,0.3482142857142857,0.37500000000000006,1.0666666666666667,0.5601280292638317,0,True,0.025512699969112873,224.01118999999017
screen,M4_g1b2_spanT0.8_f18,4,2,1,18.0,4,0,0.0,0.7500000000000001,1.0666666666666667,1.1202560585276633,0,True,0.021901900006923825,224.01556279999204
screen,M4_g1b2_spanT0.8_f24,4,2,1,24.0,4,0,0.0,0.7500000000000001,1.0666666666666667,1.1202560585276633,0,True,0.02011879999190569,224.01505119999638
screen,M4_g1b2_spanT1.2_f18,4,2,1,18.0,4,0,0.0,1.1249999999999998,1.0666666666666667,1.6803840877914948,0,True,0.008246399986092001,224.00621089997003
screen,M4_g1b2_spanT1.2_f24,4,2,1,24.0,4,0,0.0,1.1249999999999998,1.0666666666666667,1.6803840877914948,0,True,0.006538799963891506,224.0067568999948
screen,M4_g1b2_spanT1.6_f18,4,2,1,18.0,4,0,0.0,1.5000000000000002,1.0666666666666667,2.2405121170553266,0,True,0.029415299999527633,224.01573629997438
screen,M4_g1b2_spanT1.6_f24,4,2,1,24.0,4,0,0.0,1.5000000000000002,1.0666666666666667,2.2405121170553266,0,True,0.022508199966978282,224.01269790006336
screen,M5_g4b9_spanT0.4_f18,5,9,4,18.0,4,426,0.47544642857142855,0.33928571428571436,1.1789473684210525,0.4585175024132501,0,True,0.03568920004181564,224.00988820003113
screen,M5_g4b9_spanT0.4_f24,5,9,4,24.0,4,429,0.47879464285714285,0.33928571428571436,1.1789473684210525,0.4585175024132501,0,True,0.03692919999593869,224.00931160000619
screen,M5_g4b9_spanT0.8_f18,5,9,4,18.0,4,0,0.0,0.6785714285714287,1.1789473684210525,0.9170350048265002,0,True,0.0230269999592565,224.00704649992986
screen,M5_g4b9_spanT0.8_f24,5,9,4,24.0,4,0,0.0,0.6785714285714287,1.1789473684210525,0.9170350048265002,0,True,0.01947709999512881,224.0062312000082
screen,M5_g4b9_spanT1.2_f18,5,9,4,18.0,4,0,0.0,1.0178571428571428,1.1789473684210525,1.37555250723975,0,True,0.04052750003756955,224.00946480000857
screen,M5_g4b9_spanT1.2_f24,5,9,4,24.0,4,0,0.0,1.0178571428571428,1.1789473684210525,1.37555250723975,0,True,0.040974600007757545,224.00932500005
screen,M5_g4b9_spanT1.6_f18,5,9,4,18.0,4,0,0.0,1.3571428571428574,1.1789473684210525,1.8340700096530005,0,True,0.01754939998500049,224.00674609997077
screen,M5_g4b9_spanT1.6_f24,5,9,4,24.0,4,0,0.0,1.3571428571428574,1.1789473684210525,1.8340700096530005,0,True,0.01839270000346005,224.00657199998386
screen,M6_g2b5_spanT0.4_f18,6,5,2,18.0,4,407,0.45424107142857145,0.30714285714285716,1.302325581395349,0.3757557282934513,0,True,0.25056020001647994,224.06912440003362
screen,M6_g2b5_spanT0.4_f24,6,5,2,24.0,4,426,0.47544642857142855,0.30714285714285716,1.302325581395349,0.3757557282934513,0,True,0.268347300007008,224.0620070999721
screen,M6_g2b5_spanT0.8_f18,6,5,2,18.0,4,0,0.0,0.6142857142857143,1.302325581395349,0.7515114565869025,0,True,0.2587825999944471,224.0658491999493
screen,M6_g2b5_spanT0.8_f24,6,5,2,24.0,4,0,0.0,0.6142857142857143,1.302325581395349,0.7515114565869025,0,True,0.26561729999957606,224.06927199999336
screen,M6_g2b5_spanT1.2_f18,6,5,2,18.0,4,0,0.0,0.9214285714285713,1.302325581395349,1.1272671848803535,0,True,0.2512388000031933,224.07330729998648
screen,M6_g2b5_spanT1.2_f24,6,5,2,24.0,4,0,0.0,0.9214285714285713,1.302325581395349,1.1272671848803535,0,True,0.2456707000383176,224.05852220003726
screen,M6_g2b5_spanT1.6_f18,6,5,2,18.0,4,0,0.0,1.2285714285714286,1.302325581395349,1.503022913173805,0,True,0.2923624000395648,224.06242020003265
screen,M6_g2b5_spanT1.6_f24,6,5,2,24.0,4,0,0.0,1.2285714285714286,1.302325581395349,1.503022913173805,0,True,0.2856813000398688,224.06476300000213
screen,M7_g3b8_spanT0.4_f18,7,8,3,18.0,4,468,0.5223214285714286,0.28928571428571437,1.382716049382716,0.33333333333333337,0,True,0.5349959000013769,224.17086800001562
screen,M7_g3b8_spanT0.4_f24,7,8,3,24.0,4,433,0.48325892857142855,0.28928571428571437,1.382716049382716,0.33333333333333337,0,True,0.5495017999783158,224.15591189998668
screen,M7_g3b8_spanT0.8_f18,7,8,3,18.0,4,100,0.11160714285714286,0.5785714285714287,1.382716049382716,0.6666666666666667,0,True,0.6598144000163302,224.2046882000286
screen,M7_g3b8_spanT0.8_f24,7,8,3,24.0,4,170,0.18973214285714285,0.5785714285714287,1.382716049382716,0.6666666666666667,0,True,0.6891475000302307,224.1894570000004
screen,M7_g3b8_spanT1.2_f18,7,8,3,18.0,4,0,0.0,0.8678571428571429,1.382716049382716,1.0,0,True,0.17928660003235564,224.04468580003595
screen,M7_g3b8_spanT1.2_f24,7,8,3,24.0,4,0,0.0,0.8678571428571429,1.382716049382716,1.0,0,True,0.17177500005345792,224.04503460001433
screen,M7_g3b8_spanT1.6_f18,7,8,3,18.0,4,0,0.0,1.1571428571428575,1.382716049382716,1.3333333333333335,0,True,0.6643564000260085,224.21594239998376
screen,M7_g3b8_spanT1.6_f24,7,8,3,24.0,4,0,0.0,1.1571428571428575,1.382716049382716,1.3333333333333335,0,True,0.6842248000320978,224.17363420000765
screen,M7_g4b11_spanT0.4_f18,7,11,4,18.0,4,439,0.48995535714285715,0.2821428571428572,1.4177215189873418,0.3170756490372403,0,True,0.37089750001905486,224.0460908000241
screen,M7_g4b11_spanT0.4_f24,7,11,4,24.0,4,444,0.4955357142857143,0.2821428571428572,1.4177215189873418,0.3170756490372403,0,True,0.34528120001778007,224.04409869998926
screen,M7_g4b11_spanT0.8_f18,7,11,4,18.0,4,242,0.2700892857142857,0.5642857142857144,1.4177215189873418,0.6341512980744806,0,True,0.3473568000481464,224.04619939997792
screen,M7_g4b11_spanT0.8_f24,7,11,4,24.0,4,279,0.31138392857142855,0.5642857142857144,1.4177215189873418,0.6341512980744806,0,True,0.348353200010024,224.04761090001557
screen,M7_g4b11_spanT1.2_f18,7,11,4,18.0,4,0,0.0,0.8464285714285713,1.4177215189873418,0.9512269471117206,0,True,0.1272210999741219,224.02262880001217
screen,M7_g4b11_spanT1.2_f24,7,11,4,24.0,4,0,0.0,0.8464285714285713,1.4177215189873418,0.9512269471117206,0,True,0.13299499999266118,224.0209422999178
screen,M7_g4b11_spanT1.6_f18,7,11,4,18.0,4,0,0.0,1.1285714285714288,1.4177215189873418,1.2683025961489611,0,True,0.4720200999872759,224.062177099986
screen,M7_g4b11_spanT1.6_f24,7,11,4,24.0,4,0,0.0,1.1285714285714288,1.4177215189873418,1.2683025961489611,0,True,0.4545405000098981,224.0629493999877
screen,M8_g1b3_spanT0.4_f18,8,3,1,18.0,4,431,0.4810267857142857,0.26071428571428573,1.5342465753424657,0.270741248793375,7368040,False,0.9036137000075541,224.13250960002188
screen,M8_g1b3_spanT0.4_f24,8,3,1,24.0,4,468,0.5223214285714286,0.26071428571428573,1.5342465753424657,0.270741248793375,7464128,False,0.9016680999775417,224.13459959998727
screen,M8_g1b3_spanT0.8_f18,8,3,1,18.0,4,163,0.18191964285714285,0.5214285714285715,1.5342465753424657,0.54148249758675,14308456,False,0.4284685999737121,224.12021700001787
screen,M8_g1b3_spanT0.8_f24,8,3,1,24.0,4,236,0.26339285714285715,0.5214285714285715,1.5342465753424657,0.54148249758675,14590912,False,0.431776900019031,224.10776850004913
screen,M8_g1b3_spanT1.2_f18,8,3,1,18.0,4,0,0.0,0.7821428571428571,1.5342465753424657,0.8122237463801251,18225856,False,0.8650428999681026,224.1322696999996
screen,M8_g1b3_spanT1.2_f24,8,3,1,24.0,4,0,0.0,0.7821428571428571,1.5342465753424657,0.8122237463801251,18624136,False,0.6873230999917723,224.1332866999437
screen,M8_g1b3_spanT1.6_f18,8,3,1,18.0,4,0,0.0,1.042857142857143,1.5342465753424657,1.0829649951735,20628360,False,0.8819615000393242,224.20020430005388
screen,M8_g1b3_spanT1.6_f24,8,3,1,24.0,4,0,0.0,1.042857142857143,1.5342465753424657,1.0829649951735,20963288,False,0.8744283000123687,224.2183978999965
screen,M9_g2b6_spanT0.4_f18,9,6,2,18.0,4,442,0.49330357142857145,0.26071428571428573,1.5342465753424657,0.270741248793375,5249274,False,0.8936499999836087,224.21475049998844
screen,M9_g2b6_spanT0.4_f24,9,6,2,24.0,4,446,0.49776785714285715,0.26071428571428573,1.5342465753424657,0.270741248793375,5362428,False,0.9380183999892324,224.2168374999892
screen,M9_g2b6_spanT0.8_f18,9,6,2,18.0,4,464,0.5178571428571429,0.5214285714285715,1.5342465753424657,0.54148249758675,4181097,False,0.8550682999775745,224.21362579998095
screen,M9_g2b6_spanT0.8_f24,9,6,2,24.0,4,459,0.5122767857142857,0.5214285714285715,1.5342465753424657,0.54148249758675,4261594,False,0.8723955000168644,224.11583169997903
screen,M9_g2b6_spanT1.2_f18,9,6,2,18.0,4,0,0.0,0.782142857142857,1.5342465753424657,0.812223746380125,12663544,False,0.8143659000052139,224.12846879998688
screen,M9_g2b6_spanT1.2_f24,9,6,2,24.0,4,0,0.0,0.782142857142857,1.5342465753424657,0.812223746380125,12658509,False,0.8406096000107937,224.12841900001513
screen,M9_g2b6_spanT1.6_f18,9,6,2,18.0,4,0,0.0,1.042857142857143,1.5342465753424657,1.0829649951735,0,True,0.48364170000422746,224.0920661999844
screen,M9_g2b6_spanT1.6_f24,9,6,2,24.0,4,0,0.0,1.042857142857143,1.5342465753424657,1.0829649951735,0,True,0.48987599997781217,224.09927430003881
screen,M2_g1b1_spanT0.2_f18,2,1,1,18.0,4,59,0.06584821428571429,0.35892857142857143,0.5572139303482587,1.026291723822588,0,True,0.00519449997227639,224.00617419998161
screen,M2_g1b1_spanT0.2_f24,2,1,1,24.0,4,97,0.10825892857142858,0.35892857142857143,0.5572139303482587,1.026291723822588,0,True,0.005362999974749982,224.00622999994084
screen,M4_g1b2_spanT0.6_f18,4,2,1,18.0,4,0,0.0,0.5624999999999999,1.0666666666666667,0.8401920438957474,0,True,0.02138699998613447,224.0093354000128
screen,M4_g1b2_spanT0.6_f24,4,2,1,24.0,4,0,0.0,0.5624999999999999,1.0666666666666667,0.8401920438957474,0,True,0.014738300000317395,224.0068867999944
screen,M6_g2b5_spanT1_f18,6,5,2,18.0,4,0,0.0,0.7678571428571428,1.302325581395349,0.9393893207336278,0,True,0.07329560001380742,224.01392400002806
screen,M6_g2b5_spanT1_f24,6,5,2,24.0,4,0,0.0,0.7678571428571428,1.302325581395349,0.9393893207336278,0,True,0.07267940003657714,224.0139758999576
screen,M8_g1b3_spanT1.4_f18,8,3,1,18.0,4,0,0.0,0.9125000000000001,1.5342465753424657,0.9475943707768125,0,True,0.42113870003959164,224.12735849997262
screen,M8_g1b3_spanT1.4_f24,8,3,1,24.0,4,0,0.0,0.9125000000000001,1.5342465753424657,0.9475943707768125,0,True,0.4218064000015147,224.12343969999347
confirm,M3_g2b3_spanT0.8_f18,3,3,2,18.0,32,0,0.0,0.9785714285714288,0.8175182481751825,1.9071279784585684,0,True,0.030181000009179115,224.00691100000404
confirm,M4_g1b2_spanT0.6_f18,4,2,1,18.0,32,0,0.0,0.5624999999999999,1.0666666666666667,0.8401920438957474,0,True,0.051031599985435605,224.02382019994548
confirm,M4_g1b2_spanT0.6_f24,4,2,1,24.0,32,0,0.0,0.5624999999999999,1.0666666666666667,0.8401920438957474,0,True,0.06085429998347536,224.0268148999312
confirm,M5_g4b9_spanT0.8_f18,5,9,4,18.0,32,0,0.0,0.6785714285714287,1.1789473684210525,0.9170350048265002,0,True,0.056957900000270456,224.0203750000219
confirm,M5_g4b9_spanT0.8_f24,5,9,4,24.0,32,0,0.0,0.6785714285714287,1.1789473684210525,0.9170350048265002,0,True,0.06449309998424724,224.02373810001882
confirm,M7_g3b8_spanT1.2_f18,7,8,3,18.0,32,0,0.0,0.8678571428571429,1.382716049382716,1.0,0,True,0.22625080001307651,224.05057780002244
confirm,M7_g3b8_spanT1.2_f24,7,8,3,24.0,32,2,0.00027901785714285713,0.8678571428571429,1.382716049382716,1.0,0,True,0.2108942999620922,224.05773950007278
confirm,M7_g4b11_spanT1.2_f18,7,11,4,18.0,32,0,0.0,0.8464285714285713,1.4177215189873418,0.9512269471117206,0,True,0.22647210001014173,224.03206280001905
confirm,M7_g4b11_spanT1.2_f24,7,11,4,24.0,32,0,0.0,0.8464285714285713,1.4177215189873418,0.9512269471117206,0,True,0.19969330000458285,224.03620179998688
confirm,M8_g1b3_spanT1.4_f18,8,3,1,18.0,32,0,0.0,0.9125000000000001,1.5342465753424657,0.9475943707768125,0,True,0.26082490000408143,224.08874089998426
confirm,M8_g1b3_spanT1.4_f24,8,3,1,24.0,32,0,0.0,0.9125000000000001,1.5342465753424657,0.9475943707768125,0,True,0.27687479997985065,224.09201379999286
