case,mesh,region,window_index,window_radius_mm,center_x_mm,center_y_mm,sampled_volume_mm3,sample_count,mean_vm_mpa,vm_of_mean_tensor_mpa
shaped_rotor,0.013,weighted_hub,1,5.0,-27.271780286589287,-12.5,1135.0621117865296,40,26.870809433689576,26.061321838794054
shaped_rotor,0.013,weighted_hub,2,5.0,-27.271780286589287,12.5,1088.5775003164374,40,26.855416028292336,26.11005704322462
shaped_rotor,0.013,weighted_hub,3,5.0,27.271780286589287,-12.5,1125.5005504412936,36,26.97595746255,25.956178607902803
shaped_rotor,0.013,weighted_hub,4,5.0,27.271780286589287,12.5,872.8610733847433,37,27.03352533663801,25.995876889145272
shaped_rotor,0.013,weighted_hub,1,10.0,-27.271780286589287,-12.5,4114.276874634349,140,22.576110476420983,21.624971184968107
shaped_rotor,0.013,weighted_hub,2,10.0,-27.271780286589287,12.5,4241.123976496986,142,22.698655633566965,21.769510966193515
shaped_rotor,0.013,weighted_hub,3,10.0,27.271780286589287,-12.5,3869.034696354617,127,22.651257960292845,21.68596422032359
shaped_rotor,0.013,weighted_hub,4,10.0,27.271780286589287,12.5,4286.383052750019,143,23.167206248338474,22.225868975606982
shaped_rotor,0.013,inner_insert_boss,1,5.0,-156.77095883552354,-12.5,1278.3118543258797,36,23.85260143709679,23.07591177145111
shaped_rotor,0.013,inner_insert_boss,2,5.0,-156.77095883552354,12.5,1009.1799908311884,27,23.842541857876032,23.190093777587844
shaped_rotor,0.013,inner_insert_boss,3,5.0,156.77095883552354,-12.5,1188.279966409962,34,24.122546990984873,23.13362807615511
shaped_rotor,0.013,inner_insert_boss,4,5.0,156.77095883552354,12.5,1318.4353755688967,32,23.962614326774805,23.054484105155993
shaped_rotor,0.013,inner_insert_boss,1,10.0,-156.77095883552354,-12.5,4145.48117035538,114,20.680289326371593,19.714490913412583
shaped_rotor,0.013,inner_insert_boss,2,10.0,-156.77095883552354,12.5,4360.2078027256475,97,19.9396106326465,19.119623593693174
shaped_rotor,0.013,inner_insert_boss,3,10.0,156.77095883552354,-12.5,4182.888328432433,107,20.274783556934942,19.352392127484677
shaped_rotor,0.013,inner_insert_boss,4,10.0,156.77095883552354,12.5,4341.937077690049,96,20.46113764782741,19.54868388703375
shaped_rotor,0.013,unweighted_hub,1,5.0,-12.5,-27.271780286589287,1111.5858726274184,44,3.630117141167726,3.5971635232398933
shaped_rotor,0.013,unweighted_hub,2,5.0,-12.5,27.271780286589287,1202.2539593148413,39,3.4761431067904676,3.4224353385007373
shaped_rotor,0.013,unweighted_hub,3,5.0,12.5,-27.271780286589287,1073.0696794298071,42,3.3806300769949913,3.3239347105858794
shaped_rotor,0.013,unweighted_hub,4,5.0,12.5,27.271780286589287,947.6372774358259,33,3.7534917251407287,3.7114941275558357
shaped_rotor,0.013,unweighted_hub,1,10.0,-12.5,-27.271780286589287,4202.342008629206,149,4.5417313791929415,4.287920694575958
shaped_rotor,0.013,unweighted_hub,2,10.0,-12.5,27.271780286589287,4235.469323064084,126,4.663650423923024,4.385699037144012
shaped_rotor,0.013,unweighted_hub,3,10.0,12.5,-27.271780286589287,4268.97429115961,177,4.736411007845999,4.465073804590918
shaped_rotor,0.013,unweighted_hub,4,10.0,12.5,27.271780286589287,4242.586882265724,142,4.443187171051037,4.201079871945866
shaped_rotor,0.013,unweighted_rim,1,5.0,-12.5,-214.63632031881278,1613.6076829969682,27,4.039829227197548,3.9210818443915563
shaped_rotor,0.013,unweighted_rim,2,5.0,-12.5,214.63632031881278,1693.8879638377564,28,4.080656078453438,3.967905994508663
shaped_rotor,0.013,unweighted_rim,3,5.0,12.5,-214.63632031881278,1598.325959129971,25,3.9752642690182314,3.860718681993317
shaped_rotor,0.013,unweighted_rim,4,5.0,12.5,214.63632031881278,1588.204350555145,25,3.96982614049857,3.8545066017236356
shaped_rotor,0.013,unweighted_rim,1,10.0,-12.5,-214.63632031881278,4173.275953134246,66,3.8957497772595517,3.720809264298538
shaped_rotor,0.013,unweighted_rim,2,10.0,-12.5,214.63632031881278,4360.376672775314,69,3.942718494501779,3.7643670169365246
shaped_rotor,0.013,unweighted_rim,3,10.0,12.5,-214.63632031881278,4024.6517205139294,56,3.9019499125289454,3.7355122972923356
shaped_rotor,0.013,unweighted_rim,4,10.0,12.5,214.63632031881278,3996.847641729109,56,3.898078021132436,3.7306323932622165
shaped_rotor,0.013,midarc_rim,1,5.0,164.4023266258723,164.4023266258723,2034.5788927087804,16,6.005359471821734,6.004397957446314
shaped_rotor,0.013,midarc_rim,2,5.0,-164.4023266258723,164.4023266258723,1816.6365076431832,13,5.895693120411898,5.895048772901008
shaped_rotor,0.013,midarc_rim,3,5.0,-164.40232662587232,-164.4023266258723,1552.7662721719148,11,5.6918090502856185,5.6912712551504425
shaped_rotor,0.013,midarc_rim,4,5.0,164.40232662587226,-164.40232662587232,1922.6093687335942,15,5.964838683265268,5.963835338569942
shaped_rotor,0.013,midarc_rim,1,10.0,164.4023266258723,164.4023266258723,6869.923816278623,56,5.883472234006973,5.880595443522305
shaped_rotor,0.013,midarc_rim,2,10.0,-164.4023266258723,164.4023266258723,6369.116236982339,52,5.91831296630582,5.9156925444283095
shaped_rotor,0.013,midarc_rim,3,10.0,-164.40232662587232,-164.4023266258723,6221.951783714173,49,5.975939705342571,5.973226531022969
shaped_rotor,0.013,midarc_rim,4,10.0,164.40232662587226,-164.40232662587232,6773.3928487626745,55,5.994359307574959,5.9915119405330675
baseline_rounded,0.013,weighted_hub,1,5.0,-27.271780286589287,-12.5,1102.5716023641737,3536,26.141529199580155,24.928925315961834
baseline_rounded,0.013,weighted_hub,2,5.0,-27.271780286589287,12.5,1108.83330452694,3103,26.108132390757735,24.913311615132187
baseline_rounded,0.013,weighted_hub,3,5.0,27.271780286589287,-12.5,1154.8641810361466,3333,26.139542149414083,24.954413133337233
baseline_rounded,0.013,weighted_hub,4,5.0,27.271780286589287,12.5,1096.8760605613047,3521,26.138474044179727,24.939330804272245
baseline_rounded,0.013,weighted_hub,1,10.0,-27.271780286589287,-12.5,4235.579988592659,12304,22.815904477567507,21.80072298011655
baseline_rounded,0.013,weighted_hub,2,10.0,-27.271780286589287,12.5,4172.342473708312,11766,22.744374830749553,21.730232750846316
baseline_rounded,0.013,weighted_hub,3,10.0,27.271780286589287,-12.5,4150.4476273372,12152,22.752337299550028,21.73516920064708
baseline_rounded,0.013,weighted_hub,4,10.0,27.271780286589287,12.5,4207.854109848691,12720,22.763873068025603,21.75446360119261
baseline_rounded,0.013,inner_insert_boss,1,5.0,-156.77095883552354,-12.5,1166.4647566374244,213,23.035304836843185,22.02807474815493
baseline_rounded,0.013,inner_insert_boss,2,5.0,-156.77095883552354,12.5,1126.325674098931,206,22.601205181527295,21.536418416998064
baseline_rounded,0.013,inner_insert_boss,3,5.0,156.77095883552354,-12.5,1228.2861935005603,218,23.480582286509907,22.5295108965805
baseline_rounded,0.013,inner_insert_boss,4,5.0,156.77095883552354,12.5,1182.148154633465,235,22.91652303390881,21.898798093749804
baseline_rounded,0.013,inner_insert_boss,1,10.0,-156.77095883552354,-12.5,4424.957927255408,692,20.413072890120482,19.537356708518594
baseline_rounded,0.013,inner_insert_boss,2,10.0,-156.77095883552354,12.5,4360.993348919355,632,20.409220691857346,19.535386513123985
baseline_rounded,0.013,inner_insert_boss,3,10.0,156.77095883552354,-12.5,4364.830531117437,672,20.499985351054143,19.640750130338525
baseline_rounded,0.013,inner_insert_boss,4,10.0,156.77095883552354,12.5,4437.44489060658,777,20.527892102231085,19.674791215333713
baseline_rounded,0.013,unweighted_hub,1,5.0,-12.5,-27.271780286589287,1094.9103569629226,3284,3.627995705662176,3.551132089475499
baseline_rounded,0.013,unweighted_hub,2,5.0,-12.5,27.271780286589287,1131.8912701136703,3054,3.575513323884812,3.506427986628312
baseline_rounded,0.013,unweighted_hub,3,5.0,12.5,-27.271780286589287,1123.8123189885052,2983,3.547536216519074,3.4778103662624624
baseline_rounded,0.013,unweighted_hub,4,5.0,12.5,27.271780286589287,1103.585027217111,3203,3.619401546569587,3.5391937718455773
baseline_rounded,0.013,unweighted_hub,1,10.0,-12.5,-27.271780286589287,4229.822078172242,11376,4.494714583977063,4.270729700240599
baseline_rounded,0.013,unweighted_hub,2,10.0,-12.5,27.271780286589287,4142.841965721168,12112,4.61441305137173,4.40376232815983
baseline_rounded,0.013,unweighted_hub,3,10.0,12.5,-27.271780286589287,4204.719192370776,10809,4.531356992901101,4.3146910325304395
baseline_rounded,0.013,unweighted_hub,4,10.0,12.5,27.271780286589287,4178.097412764548,12028,4.547723562502109,4.3345700200914425
baseline_rounded,0.013,unweighted_rim,1,5.0,-12.5,-214.63632031881278,1252.8643163096376,172,3.856773245641719,3.6880628975739667
baseline_rounded,0.013,unweighted_rim,2,5.0,-12.5,214.63632031881278,1316.4580670391172,163,3.917788632300851,3.761810501885501
baseline_rounded,0.013,unweighted_rim,3,5.0,12.5,-214.63632031881278,1276.4114623426437,137,3.869587576531792,3.7143805189148407
baseline_rounded,0.013,unweighted_rim,4,5.0,12.5,214.63632031881278,1328.7807338443033,158,3.91497652998626,3.764516010624466
baseline_rounded,0.013,unweighted_rim,1,10.0,-12.5,-214.63632031881278,4877.340735623494,504,3.9736508586909967,3.804877922187222
baseline_rounded,0.013,unweighted_rim,2,10.0,-12.5,214.63632031881278,4838.186574771892,490,3.958070968027269,3.785045515773279
baseline_rounded,0.013,unweighted_rim,3,10.0,12.5,-214.63632031881278,4868.349098944798,425,3.933113635314902,3.7628190742076812
baseline_rounded,0.013,unweighted_rim,4,10.0,12.5,214.63632031881278,4827.322416477908,480,3.942668406331781,3.774542108372641
baseline_rounded,0.013,midarc_rim,1,5.0,164.4023266258723,164.4023266258723,1705.8574183323205,14,5.869265367725705,5.868239665946633
baseline_rounded,0.013,midarc_rim,2,5.0,-164.4023266258723,164.4023266258723,1449.5525897898115,12,6.191203476330712,6.190725253151685
baseline_rounded,0.013,midarc_rim,3,5.0,-164.40232662587232,-164.4023266258723,1449.5754261119494,12,6.191329997958294,6.190870164020294
baseline_rounded,0.013,midarc_rim,4,5.0,164.40232662587226,-164.40232662587232,1459.9249817118246,12,5.914190334488718,5.913269320269311
baseline_rounded,0.013,midarc_rim,1,10.0,164.4023266258723,164.4023266258723,6648.281301543397,57,5.981874482502504,5.979097051964879
baseline_rounded,0.013,midarc_rim,2,10.0,-164.4023266258723,164.4023266258723,6475.671273893572,56,5.907290236791679,5.904617789632969
baseline_rounded,0.013,midarc_rim,3,10.0,-164.40232662587232,-164.4023266258723,6475.748219542146,56,5.907749638584583,5.905094543966516
baseline_rounded,0.013,midarc_rim,4,10.0,164.40232662587226,-164.40232662587232,6659.765495818296,56,6.063589672507109,6.060880521972064
baseline_rounded,0.018,weighted_hub,1,5.0,-27.271780286589287,-12.5,1088.8084844968323,1517,26.327079226089243,25.098696853651603
baseline_rounded,0.018,weighted_hub,2,5.0,-27.271780286589287,12.5,1092.6442036864785,1394,26.208466904111066,25.00910034439005
baseline_rounded,0.018,weighted_hub,3,5.0,27.271780286589287,-12.5,1120.599833254131,1421,26.32284178480861,25.177820653023407
baseline_rounded,0.018,weighted_hub,4,5.0,27.271780286589287,12.5,1104.3849791348837,1557,26.312760705369104,25.11476587902171
baseline_rounded,0.018,weighted_hub,1,10.0,-27.271780286589287,-12.5,4097.387299483866,4810,22.672180395185844,21.658720039270303
baseline_rounded,0.018,weighted_hub,2,10.0,-27.271780286589287,12.5,4152.185745132077,4642,22.752959749732778,21.752813240059837
baseline_rounded,0.018,weighted_hub,3,10.0,27.271780286589287,-12.5,4209.361031392358,5087,22.72644563809478,21.744344070244026
baseline_rounded,0.018,weighted_hub,4,10.0,27.271780286589287,12.5,4199.584462967408,5451,22.784778994171557,21.78716901688588
baseline_rounded,0.018,inner_insert_boss,1,5.0,-156.77095883552354,-12.5,1203.705205411753,189,23.431658372560413,22.495201775491736
baseline_rounded,0.018,inner_insert_boss,2,5.0,-156.77095883552354,12.5,1165.4119427056885,204,23.03441101731637,21.98861407808712
baseline_rounded,0.018,inner_insert_boss,3,5.0,156.77095883552354,-12.5,1132.450438551535,187,22.79063992851938,21.801880334982208
baseline_rounded,0.018,inner_insert_boss,4,5.0,156.77095883552354,12.5,1115.7004426974468,192,23.123527562620712,22.139604262679047
baseline_rounded,0.018,inner_insert_boss,1,10.0,-156.77095883552354,-12.5,4292.329192191275,626,20.393170348849658,19.524974458548176
baseline_rounded,0.018,inner_insert_boss,2,10.0,-156.77095883552354,12.5,4419.193699358415,652,20.60552779166496,19.748815283755093
baseline_rounded,0.018,inner_insert_boss,3,10.0,156.77095883552354,-12.5,4341.7054010598795,599,20.422270907227258,19.56252741422769
baseline_rounded,0.018,inner_insert_boss,4,10.0,156.77095883552354,12.5,4343.097932418935,614,20.435180653673108,19.56846904986177
baseline_rounded,0.018,unweighted_hub,1,5.0,-12.5,-27.271780286589287,1076.437998260658,1561,3.7240982367935835,3.639780371324575
baseline_rounded,0.018,unweighted_hub,2,5.0,-12.5,27.271780286589287,1102.1211828637017,1508,3.6480552101724295,3.5669011910266146
baseline_rounded,0.018,unweighted_hub,3,5.0,12.5,-27.271780286589287,1098.3751397944695,1565,3.6575998860866075,3.591502743081944
baseline_rounded,0.018,unweighted_hub,4,5.0,12.5,27.271780286589287,1122.4590207602062,1433,3.5853766084026644,3.501834279402904
baseline_rounded,0.018,unweighted_hub,1,10.0,-12.5,-27.271780286589287,4160.30228456956,5120,4.65307929679703,4.447825005175522
baseline_rounded,0.018,unweighted_hub,2,10.0,-12.5,27.271780286589287,4239.19388458777,5191,4.553800942183663,4.3475548922308445
baseline_rounded,0.018,unweighted_hub,3,10.0,12.5,-27.271780286589287,4148.502624591449,5189,4.607053346449263,4.405734821804225
baseline_rounded,0.018,unweighted_hub,4,10.0,12.5,27.271780286589287,4301.321051991875,5257,4.455387131968425,4.232338784435
baseline_rounded,0.018,unweighted_rim,1,5.0,-12.5,-214.63632031881278,1144.4911128652639,99,3.7965654858548037,3.6604229463908275
baseline_rounded,0.018,unweighted_rim,2,5.0,-12.5,214.63632031881278,1283.8919371391835,154,3.893356781123278,3.7320940495013515
baseline_rounded,0.018,unweighted_rim,3,5.0,12.5,-214.63632031881278,1137.072642155265,86,3.728671307242158,3.5867933157442264
baseline_rounded,0.018,unweighted_rim,4,5.0,12.5,214.63632031881278,1169.5977571214614,108,3.965072906390447,3.8161921850900904
baseline_rounded,0.018,unweighted_rim,1,10.0,-12.5,-214.63632031881278,4737.67595811057,266,3.9392763491977294,3.7704110551145735
baseline_rounded,0.018,unweighted_rim,2,10.0,-12.5,214.63632031881278,4774.966836444053,455,3.974134778145643,3.818819736353546
baseline_rounded,0.018,unweighted_rim,3,10.0,12.5,-214.63632031881278,4831.314020052603,296,3.9981507516742076,3.844266301653134
baseline_rounded,0.018,unweighted_rim,4,10.0,12.5,214.63632031881278,4818.621713225391,285,3.8374167214799346,3.670556710054566
baseline_rounded,0.018,midarc_rim,1,5.0,164.4023266258723,164.4023266258723,1539.5571272629034,6,5.700002691520206,5.6992559989526725
baseline_rounded,0.018,midarc_rim,2,5.0,-164.4023266258723,164.4023266258723,1573.3962994568137,6,5.901027763385996,5.900306903186947
baseline_rounded,0.018,midarc_rim,3,5.0,-164.40232662587232,-164.4023266258723,1523.139953339472,6,5.686360730324714,5.685610303085831
baseline_rounded,0.018,midarc_rim,4,5.0,164.40232662587226,-164.40232662587232,1580.337617771939,6,5.915502774183166,5.914808100622249
baseline_rounded,0.018,midarc_rim,1,10.0,164.4023266258723,164.4023266258723,5191.3790252987465,24,6.066954806812557,6.064252310479962
baseline_rounded,0.018,midarc_rim,2,10.0,-164.4023266258723,164.4023266258723,6037.734333730851,29,6.013732112170498,6.01062246552996
baseline_rounded,0.018,midarc_rim,3,10.0,-164.40232662587232,-164.4023266258723,5168.838881692217,24,6.051369401832814,6.048721978643584
baseline_rounded,0.018,midarc_rim,4,10.0,164.40232662587226,-164.40232662587232,6275.727094293134,31,5.998524882561444,5.995238069873413
medium_rounded,0.013,weighted_hub,1,5.0,-25.98076211353316,-15.0,1084.874289127903,2440,29.272331825906544,28.051700569454173
medium_rounded,0.013,weighted_hub,2,5.0,-25.98076211353316,15.0,1066.094384577734,2576,29.25309273110628,28.052929340651513
medium_rounded,0.013,weighted_hub,3,5.0,25.98076211353316,-15.0,1070.3299117167765,2519,29.169221378187554,27.942979595859153
medium_rounded,0.013,weighted_hub,4,5.0,25.98076211353316,15.0,1089.2548019766657,2869,29.402909167763568,28.141924076120947
medium_rounded,0.013,weighted_hub,1,10.0,-25.98076211353316,-15.0,4093.8916673413037,7697,25.475687623668655,24.425780278080072
medium_rounded,0.013,weighted_hub,2,10.0,-25.98076211353316,15.0,4037.507941497309,8006,25.405123221753385,24.34141649048989
medium_rounded,0.013,weighted_hub,3,10.0,25.98076211353316,-15.0,4068.196868611863,8910,25.421702521352724,24.35998735319489
medium_rounded,0.013,weighted_hub,4,10.0,25.98076211353316,15.0,4030.312205619837,9313,25.399244862293855,24.315180154606786
medium_rounded,0.013,inner_insert_boss,1,5.0,-152.30303992915273,-15.0,1203.4340210233668,201,25.515119325458844,24.36804811383753
medium_rounded,0.013,inner_insert_boss,2,5.0,-152.30303992915273,15.0,1128.100178064207,182,25.828503462318764,24.692076267835855
medium_rounded,0.013,inner_insert_boss,3,5.0,152.30303992915273,-15.0,1195.9954004990136,175,26.084961064935207,25.023211140234718
medium_rounded,0.013,inner_insert_boss,4,5.0,152.30303992915273,15.0,1172.0889070993796,178,25.512019513322237,24.385135973995286
medium_rounded,0.013,inner_insert_boss,1,10.0,-152.30303992915273,-15.0,4279.106522517339,654,22.394758221538797,21.303067578297988
medium_rounded,0.013,inner_insert_boss,2,10.0,-152.30303992915273,15.0,4304.898011752651,671,22.507644168474666,21.41384063044271
medium_rounded,0.013,inner_insert_boss,3,10.0,152.30303992915273,-15.0,4264.148381956523,595,22.262341546986633,21.17457754630515
medium_rounded,0.013,inner_insert_boss,4,10.0,152.30303992915273,15.0,4367.49947596132,600,22.436065753139662,21.36680927218952
medium_rounded,0.013,unweighted_hub,1,5.0,-15.0,-25.98076211353316,1087.1149974985528,2684,6.524444335789213,6.315629663107554
medium_rounded,0.013,unweighted_hub,2,5.0,-15.0,25.98076211353316,1089.1313369397883,2631,6.504368880438918,6.289195273662909
medium_rounded,0.013,unweighted_hub,3,5.0,15.0,-25.98076211353316,1081.5004486296687,2695,6.48040209095056,6.2726633825369404
medium_rounded,0.013,unweighted_hub,4,5.0,15.0,25.98076211353316,1073.2576612063467,2687,6.481796794904188,6.280556542878608
medium_rounded,0.013,unweighted_hub,1,10.0,-15.0,-25.98076211353316,4041.5744679329755,8381,7.928421698935033,7.4480990648258665
medium_rounded,0.013,unweighted_hub,2,10.0,-15.0,25.98076211353316,4072.2977017500984,8313,7.928037157354824,7.433992348823023
medium_rounded,0.013,unweighted_hub,3,10.0,15.0,-25.98076211353316,4062.7811268311434,9020,7.881983769561553,7.393036095224939
medium_rounded,0.013,unweighted_hub,4,10.0,15.0,25.98076211353316,4111.9431515941205,8294,7.794397302275657,7.289034465481893
medium_rounded,0.013,unweighted_rim,1,5.0,-15.0,-229.51034835057,1286.4527644726186,78,3.0700878214773923,2.9835038421297004
medium_rounded,0.013,unweighted_rim,2,5.0,-15.0,229.51034835057,1350.1692927019876,83,3.199284113126806,3.0972842510614984
medium_rounded,0.013,unweighted_rim,3,5.0,15.0,-229.51034835057,1125.9454524589842,69,3.2055519437622086,3.0907832028162736
medium_rounded,0.013,unweighted_rim,4,5.0,15.0,229.51034835057,1251.5171036200566,86,3.3818569287112012,3.269332465814691
medium_rounded,0.013,unweighted_rim,1,10.0,-15.0,-229.51034835057,4675.754836769687,170,3.4448361948253607,3.3422096580578047
medium_rounded,0.013,unweighted_rim,2,10.0,-15.0,229.51034835057,5284.723738393887,201,3.4821154017742604,3.3677994913603593
medium_rounded,0.013,unweighted_rim,3,10.0,15.0,-229.51034835057,4809.84665611593,169,3.4098071290287004,3.293927620264498
medium_rounded,0.013,unweighted_rim,4,10.0,15.0,229.51034835057,4760.9415243272,221,3.3792263248244288,3.277589786443014
medium_rounded,0.013,midarc_rim,1,5.0,169.7056274847714,169.70562748477138,1527.3909018152792,17,6.048812271237863,6.04819166574163
medium_rounded,0.013,midarc_rim,2,5.0,-169.70562748477138,169.7056274847714,1667.2277227468476,19,5.915297918347588,5.914852424682563
medium_rounded,0.013,midarc_rim,3,5.0,-169.70562748477144,-169.70562748477138,1667.227722665349,19,5.915234635606778,5.914789481487823
medium_rounded,0.013,midarc_rim,4,5.0,169.70562748477136,-169.70562748477144,1214.5147523528753,14,6.186042128269369,6.185845664889155
medium_rounded,0.013,midarc_rim,1,10.0,169.7056274847714,169.70562748477138,6407.5458564194805,83,5.8410745448576815,5.837871290145062
medium_rounded,0.013,midarc_rim,2,10.0,-169.70562748477138,169.7056274847714,6456.41171514365,84,5.908802525511412,5.9054835249827144
medium_rounded,0.013,midarc_rim,3,10.0,-169.70562748477144,-169.70562748477138,6456.411715040023,84,5.908709502921338,5.905393983115716
medium_rounded,0.013,midarc_rim,4,10.0,169.70562748477136,-169.70562748477144,6222.111546339222,82,5.816832346593089,5.813886875986188
medium_rounded,0.018,weighted_hub,1,5.0,-25.98076211353316,-15.0,1087.6045984223285,1231,29.339046718373787,28.250899763988834
medium_rounded,0.018,weighted_hub,2,5.0,-25.98076211353316,15.0,1095.367412710421,1224,29.184461594034858,28.099179788488332
medium_rounded,0.018,weighted_hub,3,5.0,25.98076211353316,-15.0,1078.7168978418604,1277,29.13516293241472,28.053405089865446
medium_rounded,0.018,weighted_hub,4,5.0,25.98076211353316,15.0,1176.2290159973231,1242,29.07567867145078,27.986439049338674
medium_rounded,0.018,weighted_hub,1,10.0,-25.98076211353316,-15.0,4057.231000325095,4150,25.43395837557246,24.4178917099706
medium_rounded,0.018,weighted_hub,2,10.0,-25.98076211353316,15.0,4086.8574476031563,4334,25.395925633452052,24.384069458512165
medium_rounded,0.018,weighted_hub,3,10.0,25.98076211353316,-15.0,3942.810565023587,4128,25.33975347144765,24.316720098500035
medium_rounded,0.018,weighted_hub,4,10.0,25.98076211353316,15.0,3901.6775763140167,4247,25.377338908229458,24.3590496682483
medium_rounded,0.018,inner_insert_boss,1,5.0,-152.30303992915273,-15.0,1222.6785331191027,188,25.63769315807591,24.41401811876119
medium_rounded,0.018,inner_insert_boss,2,5.0,-152.30303992915273,15.0,1109.7156037666875,179,26.074861630504657,24.85223058510285
medium_rounded,0.018,inner_insert_boss,3,5.0,152.30303992915273,-15.0,1092.3430305059069,225,26.11558184286421,25.040768291308485
medium_rounded,0.018,inner_insert_boss,4,5.0,152.30303992915273,15.0,1277.7265447463874,159,25.94688699852196,24.81438396791832
medium_rounded,0.018,inner_insert_boss,1,10.0,-152.30303992915273,-15.0,4490.892532232638,605,22.565312772916812,21.5026980892099
medium_rounded,0.018,inner_insert_boss,2,10.0,-152.30303992915273,15.0,4282.209701254715,560,22.536371769135087,21.443738893656246
medium_rounded,0.018,inner_insert_boss,3,10.0,152.30303992915273,-15.0,4275.794756998524,718,22.477747078867868,21.40018879377472
medium_rounded,0.018,inner_insert_boss,4,10.0,152.30303992915273,15.0,4088.79005470658,488,22.289811210619362,21.192141120152428
medium_rounded,0.018,unweighted_hub,1,5.0,-15.0,-25.98076211353316,1096.1885477635742,1167,6.479705972841025,6.248889001513286
medium_rounded,0.018,unweighted_hub,2,5.0,-15.0,25.98076211353316,1136.632701219069,1049,6.422916124973474,6.2278662775494285
medium_rounded,0.018,unweighted_hub,3,5.0,15.0,-25.98076211353316,1107.69187830119,1105,6.445349136905357,6.231088083793171
medium_rounded,0.018,unweighted_hub,4,5.0,15.0,25.98076211353316,1198.535741942915,1033,6.336097080108329,6.142611408955229
medium_rounded,0.018,unweighted_hub,1,10.0,-15.0,-25.98076211353316,3955.070079599945,4274,8.105038597040057,7.641405207272887
medium_rounded,0.018,unweighted_hub,2,10.0,-15.0,25.98076211353316,4107.27560314104,4013,7.908469122866625,7.43380584566872
medium_rounded,0.018,unweighted_hub,3,10.0,15.0,-25.98076211353316,4189.413424129075,3998,7.863999467314872,7.3802709578087
medium_rounded,0.018,unweighted_hub,4,10.0,15.0,25.98076211353316,3988.3109242908904,3930,8.083193678555784,7.600314340910377
medium_rounded,0.018,unweighted_rim,1,5.0,-15.0,-229.51034835057,1230.0938699805138,59,2.982503322084678,2.8874241368767395
medium_rounded,0.018,unweighted_rim,2,5.0,-15.0,229.51034835057,987.642380147417,53,3.5607300840722718,3.4605470143960257
medium_rounded,0.018,unweighted_rim,3,5.0,15.0,-229.51034835057,1280.2751700501753,62,3.391119312432639,3.3085201934286887
medium_rounded,0.018,unweighted_rim,4,5.0,15.0,229.51034835057,1246.0754798567418,61,3.208670457442546,3.1166142513391257
medium_rounded,0.018,unweighted_rim,1,10.0,-15.0,-229.51034835057,4708.058898450076,127,3.515479655864569,3.417190620884692
medium_rounded,0.018,unweighted_rim,2,10.0,-15.0,229.51034835057,4816.044201537865,120,3.3728478023851105,3.2811192145239936
medium_rounded,0.018,unweighted_rim,3,10.0,15.0,-229.51034835057,4892.788963107474,127,3.4897833407070475,3.39652705022397
medium_rounded,0.018,unweighted_rim,4,10.0,15.0,229.51034835057,4938.815314667178,140,3.5543065480656097,3.4433100530665692
medium_rounded,0.018,midarc_rim,1,5.0,169.7056274847714,169.70562748477138,1170.7058262979644,8,5.8788403172589705,5.878502146903794
medium_rounded,0.018,midarc_rim,2,5.0,-169.70562748477138,169.7056274847714,1170.7011661727354,8,5.87896616668076,5.878627845885684
medium_rounded,0.018,midarc_rim,3,5.0,-169.70562748477144,-169.70562748477138,1170.689778166794,8,5.878755117183494,5.878417094323594
medium_rounded,0.018,midarc_rim,4,5.0,169.70562748477136,-169.70562748477144,1170.6988483031694,8,5.878965593373981,5.8786273374502835
medium_rounded,0.018,midarc_rim,1,10.0,169.7056274847714,169.70562748477138,7023.8853392395495,48,5.912393078413705,5.908620238571715
medium_rounded,0.018,midarc_rim,2,10.0,-169.70562748477138,169.7056274847714,7023.903353451971,48,5.9125068715551246,5.908733889544912
medium_rounded,0.018,midarc_rim,3,10.0,-169.70562748477144,-169.70562748477138,7023.858576669188,48,5.91233961371356,5.908566942129256
medium_rounded,0.018,midarc_rim,4,10.0,169.70562748477136,-169.70562748477144,7023.8818728673505,48,5.912486259764019,5.908713373388406
wide_rounded,0.013,weighted_hub,1,5.0,-22.360679774997898,-20.0,1030.8641686249953,1114,21.394985139879413,20.381662467914403
wide_rounded,0.013,weighted_hub,2,5.0,-22.360679774997898,20.0,1051.2307983172373,1018,21.512512729442463,20.497643110699155
wide_rounded,0.013,weighted_hub,3,5.0,22.360679774997898,-20.0,1042.158467932756,1005,21.259575272911498,20.23387558670801
wide_rounded,0.013,weighted_hub,4,5.0,22.360679774997898,20.0,1057.6022876157067,1078,21.46773650847115,20.503324663939154
wide_rounded,0.013,weighted_hub,1,10.0,-22.360679774997898,-20.0,4220.175277905822,1925,17.48441351372395,16.515994278703236
wide_rounded,0.013,weighted_hub,2,10.0,-22.360679774997898,20.0,4323.186459671793,1613,17.394658259246086,16.458714375364995
wide_rounded,0.013,weighted_hub,3,10.0,22.360679774997898,-20.0,4264.508374664402,1794,17.578250947526545,16.646928349593495
wide_rounded,0.013,weighted_hub,4,10.0,22.360679774997898,20.0,4362.517157247819,1860,17.209476427008653,16.271996270744644
wide_rounded,0.013,inner_insert_boss,1,5.0,-154.17424305044162,-20.0,1164.173335945183,204,18.45418206580243,17.719031049482563
wide_rounded,0.013,inner_insert_boss,2,5.0,-154.17424305044162,20.0,1067.7351472596795,233,18.532969000218806,17.791968213756352
wide_rounded,0.013,inner_insert_boss,3,5.0,154.17424305044162,-20.0,1165.9078729039113,235,18.013090321497657,17.2102492125844
wide_rounded,0.013,inner_insert_boss,4,5.0,154.17424305044162,20.0,1176.2964036522148,188,18.34900005956838,17.542472769108176
wide_rounded,0.013,inner_insert_boss,1,10.0,-154.17424305044162,-20.0,4228.498047327587,667,16.05773783759644,15.29803436488355
wide_rounded,0.013,inner_insert_boss,2,10.0,-154.17424305044162,20.0,4010.7910149377126,732,15.87862234818871,15.098180600071577
wide_rounded,0.013,inner_insert_boss,3,10.0,154.17424305044162,-20.0,4266.218242161022,688,16.14305611920901,15.397783654652661
wide_rounded,0.013,inner_insert_boss,4,10.0,154.17424305044162,20.0,4228.666442810633,605,16.107238070967277,15.359301629290934
wide_rounded,0.013,unweighted_hub,1,5.0,-20.0,-22.360679774997898,1051.0752103873667,1127,14.545597036414048,13.465877264836358
wide_rounded,0.013,unweighted_hub,2,5.0,-20.0,22.360679774997898,1057.9707311863347,1010,14.96012169306956,13.995360066992824
wide_rounded,0.013,unweighted_hub,3,5.0,20.0,-22.360679774997898,1065.2410245467927,1001,14.585628461920106,13.587075454977166
wide_rounded,0.013,unweighted_hub,4,5.0,20.0,22.360679774997898,1036.3406055374892,1114,15.034915953286918,14.062830691344153
wide_rounded,0.013,unweighted_hub,1,10.0,-20.0,-22.360679774997898,4371.38687338975,1991,13.995028625477682,12.964646184539546
wide_rounded,0.013,unweighted_hub,2,10.0,-20.0,22.360679774997898,4199.27485133794,1588,14.231745784503742,13.195122960629382
wide_rounded,0.013,unweighted_hub,3,10.0,20.0,-22.360679774997898,4280.022507765888,1829,14.043086423949802,12.99545916390753
wide_rounded,0.013,unweighted_hub,4,10.0,20.0,22.360679774997898,4463.22969781147,1863,13.783099454358332,12.749811809829792
wide_rounded,0.013,unweighted_rim,1,5.0,-20.0,-229.12878474779203,1247.1049909328117,78,4.274531570753759,4.096928834257519
wide_rounded,0.013,unweighted_rim,2,5.0,-20.0,229.12878474779203,1282.8627480909772,84,4.069066741341705,3.9110303385830063
wide_rounded,0.013,unweighted_rim,3,5.0,20.0,-229.12878474779203,1197.1697186519675,70,4.057060951371441,3.8871186714269834
wide_rounded,0.013,unweighted_rim,4,5.0,20.0,229.12878474779203,1320.3504449611612,77,4.054686019026871,3.9264749286037204
wide_rounded,0.013,unweighted_rim,1,10.0,-20.0,-229.12878474779203,4738.205641720773,199,3.8745796329629068,3.735740256816778
wide_rounded,0.013,unweighted_rim,2,10.0,-20.0,229.12878474779203,4848.423228796464,216,3.9381393932384006,3.7979223261457036
wide_rounded,0.013,unweighted_rim,3,10.0,20.0,-229.12878474779203,5026.600075396463,176,3.996947189053531,3.8619669080550922
wide_rounded,0.013,unweighted_rim,4,10.0,20.0,229.12878474779203,4933.6628445893675,157,3.8903377564442656,3.767334260257004
wide_rounded,0.013,midarc_rim,1,5.0,169.7056274847714,169.70562748477138,2020.0604668443889,25,5.669985645934145,5.66913308022013
wide_rounded,0.013,midarc_rim,2,5.0,-169.70562748477138,169.7056274847714,2076.846578438165,25,5.590676636759236,5.589796316415525
wide_rounded,0.013,midarc_rim,3,5.0,-169.70562748477144,-169.70562748477138,2076.846578353917,25,5.590769956816842,5.589889612310415
wide_rounded,0.013,midarc_rim,4,5.0,169.70562748477136,-169.70562748477144,1745.14005867666,22,5.688480675204453,5.687594770713592
wide_rounded,0.013,midarc_rim,1,10.0,169.7056274847714,169.70562748477138,6101.439414307811,82,5.612735454268692,5.609855723983521
wide_rounded,0.013,midarc_rim,2,10.0,-169.70562748477138,169.7056274847714,6164.3685576949765,81,5.5900677164948975,5.5868789389726805
wide_rounded,0.013,midarc_rim,3,10.0,-169.70562748477144,-169.70562748477138,6164.3685575567515,81,5.590161900902934,5.586973332055433
wide_rounded,0.013,midarc_rim,4,10.0,169.70562748477136,-169.70562748477144,5915.887465644014,80,5.605160302850644,5.6026204871703715
wide_rounded,0.018,weighted_hub,1,5.0,-22.360679774997898,-20.0,1038.424186015684,733,21.358173757155374,20.33276890215219
wide_rounded,0.018,weighted_hub,2,5.0,-22.360679774997898,20.0,956.5011004770884,737,21.500434978421175,20.561475392538874
wide_rounded,0.018,weighted_hub,3,5.0,22.360679774997898,-20.0,1034.0625529367537,775,21.4209056465683,20.435459479137528
wide_rounded,0.018,weighted_hub,4,5.0,22.360679774997898,20.0,1077.1799969106419,768,21.168010697220627,20.150360383952034
wide_rounded,0.018,weighted_hub,1,10.0,-22.360679774997898,-20.0,4317.609411503812,1108,17.321315602557746,16.389232659846307
wide_rounded,0.018,weighted_hub,2,10.0,-22.360679774997898,20.0,4450.0369841076745,1123,17.42086405805059,16.502850320777934
wide_rounded,0.018,weighted_hub,3,10.0,22.360679774997898,-20.0,4220.693402127796,1393,17.47790498953332,16.576302003312385
wide_rounded,0.018,weighted_hub,4,10.0,22.360679774997898,20.0,4222.753429907938,1321,17.600786088721243,16.701754322888547
wide_rounded,0.018,inner_insert_boss,1,5.0,-154.17424305044162,-20.0,1144.1777512568954,195,18.44595600439701,17.68538157482634
wide_rounded,0.018,inner_insert_boss,2,5.0,-154.17424305044162,20.0,1144.6973006016174,226,18.411988166717098,17.602935589675347
wide_rounded,0.018,inner_insert_boss,3,5.0,154.17424305044162,-20.0,1128.280826271181,167,18.71365918713885,17.95065744274072
wide_rounded,0.018,inner_insert_boss,4,5.0,154.17424305044162,20.0,1105.5650297085742,177,18.362657742194163,17.59874579731283
wide_rounded,0.018,inner_insert_boss,1,10.0,-154.17424305044162,-20.0,4347.139250023247,688,16.14262337316257,15.399170388068677
wide_rounded,0.018,inner_insert_boss,2,10.0,-154.17424305044162,20.0,4056.8673347704726,694,15.875769457225218,15.09499517152359
wide_rounded,0.018,inner_insert_boss,3,10.0,154.17424305044162,-20.0,4064.510528511273,543,15.920178651146726,15.15095135664028
wide_rounded,0.018,inner_insert_boss,4,10.0,154.17424305044162,20.0,4126.182744145201,590,15.999760783584097,15.23983564086595
wide_rounded,0.018,unweighted_hub,1,5.0,-20.0,-22.360679774997898,1072.5905540626245,729,14.604903357864092,13.549699748385724
wide_rounded,0.018,unweighted_hub,2,5.0,-20.0,22.360679774997898,1002.519790205556,732,15.431463816373867,14.421409208471175
wide_rounded,0.018,unweighted_hub,3,5.0,20.0,-22.360679774997898,1008.2594169690317,763,15.298796763110012,14.324182780393441
wide_rounded,0.018,unweighted_hub,4,5.0,20.0,22.360679774997898,1011.8918209314935,756,14.835262741564614,13.825536002856913
wide_rounded,0.018,unweighted_hub,1,10.0,-20.0,-22.360679774997898,4274.316275616201,1093,14.286855674869736,13.260607844315828
wide_rounded,0.018,unweighted_hub,2,10.0,-20.0,22.360679774997898,4401.587124785232,1107,13.47887203242212,12.469926852058347
wide_rounded,0.018,unweighted_hub,3,10.0,20.0,-22.360679774997898,4298.877738240709,1389,14.049286703651871,13.02447476290064
wide_rounded,0.018,unweighted_hub,4,10.0,20.0,22.360679774997898,4184.624497904773,1308,14.02706332843114,13.000099937329335
wide_rounded,0.018,unweighted_rim,1,5.0,-20.0,-229.12878474779203,1109.410419268315,79,4.281879433032472,4.114262320196342
wide_rounded,0.018,unweighted_rim,2,5.0,-20.0,229.12878474779203,1215.3229171139349,69,4.048323517766192,3.888200642475912
wide_rounded,0.018,unweighted_rim,3,5.0,20.0,-229.12878474779203,1082.1234226864424,66,4.197328211119057,4.0186565358747925
wide_rounded,0.018,unweighted_rim,4,5.0,20.0,229.12878474779203,1109.4104192683133,79,4.282550850350525,4.114986695177459
wide_rounded,0.018,unweighted_rim,1,10.0,-20.0,-229.12878474779203,4952.890439776602,196,3.8995878741868184,3.7741835447829044
wide_rounded,0.018,unweighted_rim,2,10.0,-20.0,229.12878474779203,5110.198109851893,140,4.095086131409836,3.9721277953146568
wide_rounded,0.018,unweighted_rim,3,10.0,20.0,-229.12878474779203,5124.153826326377,137,3.95214600351078,3.8350593275116562
wide_rounded,0.018,unweighted_rim,4,10.0,20.0,229.12878474779203,4952.883757335424,196,3.8996348216314645,3.774377269094157
wide_rounded,0.018,midarc_rim,1,5.0,169.7056274847714,169.70562748477138,1160.551409809144,8,5.634280275126739,5.633966303208909
wide_rounded,0.018,midarc_rim,2,5.0,-169.70562748477138,169.7056274847714,1160.5496274689217,8,5.634189934466793,5.633875906433692
wide_rounded,0.018,midarc_rim,3,5.0,-169.70562748477144,-169.70562748477138,1160.5382280573456,8,5.634389486939617,5.634075488932563
wide_rounded,0.018,midarc_rim,4,5.0,169.70562748477136,-169.70562748477144,1160.5436155346113,8,5.634345787422006,5.634031661115285
wide_rounded,0.018,midarc_rim,1,10.0,169.7056274847714,169.70562748477138,6098.227176927469,42,5.603353154068399,5.600677192076536
wide_rounded,0.018,midarc_rim,2,10.0,-169.70562748477138,169.7056274847714,6098.2347518883635,42,5.603273347659028,5.6005972231957495
wide_rounded,0.018,midarc_rim,3,10.0,-169.70562748477144,-169.70562748477138,6098.196993594611,42,5.603425704323119,5.600750015208183
wide_rounded,0.018,midarc_rim,4,10.0,169.70562748477136,-169.70562748477144,6098.215833864083,42,5.603403013370227,5.600727085535818
