case,region,window_index,window_radius_mm,fine_mean_vm_mpa,coarse_mean_vm_mpa,mean_vm_change_pct,sampled_volume_change_pct
baseline_rounded,weighted_hub,1,5.0,26.141529199580155,26.327079226089243,-0.704787739329682,1.2640531427987378
baseline_rounded,weighted_hub,2,5.0,26.108132390757735,26.208466904111066,-0.3828324400676486,1.4816443253751865
baseline_rounded,weighted_hub,3,5.0,26.139542149414083,26.32284178480861,-0.6963520006426971,3.057679179062056
baseline_rounded,weighted_hub,4,5.0,26.138474044179727,26.312760705369104,-0.662365546287258,-0.679918571462379
baseline_rounded,weighted_hub,1,10.0,22.815904477567507,22.672180395185844,0.633922630627004,3.3727026275060856
baseline_rounded,weighted_hub,2,10.0,22.744374830749553,22.752959749732778,-0.0377309988575214,0.4854486242545253
baseline_rounded,weighted_hub,3,10.0,22.752337299550028,22.72644563809478,0.11392745644240865,-1.3995806873251415
baseline_rounded,weighted_hub,4,10.0,22.763873068025603,22.784778994171557,-0.09175391234341745,0.19691583665493173
baseline_rounded,inner_insert_boss,1,5.0,23.035304836843185,23.431658372560413,-1.6915300206893469,-3.093818038411633
baseline_rounded,inner_insert_boss,2,5.0,22.601205181527295,23.03441101731637,-1.8806898750890921,-3.3538585949284716
baseline_rounded,inner_insert_boss,3,5.0,23.480582286509907,22.79063992851938,3.027305771818889,8.462688669325292
baseline_rounded,inner_insert_boss,4,5.0,22.91652303390881,23.123527562620712,-0.8952117195411224,5.955694682290047
baseline_rounded,inner_insert_boss,1,10.0,20.413072890120482,20.393170348849658,0.0975941500530153,3.089901289617192
baseline_rounded,inner_insert_boss,2,10.0,20.409220691857346,20.60552779166496,-0.9526914417937071,-1.3169902565599023
baseline_rounded,inner_insert_boss,3,10.0,20.499985351054143,20.422270907227258,0.38053771874793085,0.5326278022436126
baseline_rounded,inner_insert_boss,4,10.0,20.527892102231085,20.435180653673108,0.45368548548316845,2.1723424075564823
baseline_rounded,unweighted_hub,1,5.0,3.627995705662176,3.7240982367935835,-2.580558433768676,1.7160634176898837
baseline_rounded,unweighted_hub,2,5.0,3.575513323884812,3.6480552101724295,-1.9885084547333065,2.701162786166167
baseline_rounded,unweighted_hub,3,5.0,3.547536216519074,3.6575998860866075,-3.009177411291275,2.315891745218801
baseline_rounded,unweighted_hub,4,5.0,3.619401546569587,3.5853766084026644,0.9489920274255548,-1.681486200744542
baseline_rounded,unweighted_hub,1,10.0,4.494714583977063,4.65307929679703,-3.40343894265841,1.6710274602047326
baseline_rounded,unweighted_hub,2,10.0,4.61441305137173,4.553800942183663,1.3310223691727963,-2.2728830407333867
baseline_rounded,unweighted_hub,3,10.0,4.531356992901101,4.607053346449263,-1.6430535497597987,1.3551050310559587
baseline_rounded,unweighted_hub,4,10.0,4.547723562502109,4.455387131968425,2.0724670561431013,-2.8647859050247915
baseline_rounded,unweighted_rim,1,5.0,3.856773245641719,3.7965654858548037,1.5858480516465878,9.469117079734989
baseline_rounded,unweighted_rim,2,5.0,3.917788632300851,3.893356781123278,0.6275266447716588,2.5365164277375785
baseline_rounded,unweighted_rim,3,5.0,3.869587576531792,3.728671307242158,3.779262307619713,12.254170491980965
baseline_rounded,unweighted_rim,4,5.0,3.91497652998626,3.965072906390447,-1.2634414949457162,13.610061728795774
baseline_rounded,unweighted_rim,1,10.0,3.9736508586909967,3.9392763491977294,0.8726097497645302,2.947959690527746
baseline_rounded,unweighted_rim,2,10.0,3.958070968027269,3.974134778145643,-0.4042089917712599,1.3239827729341735
baseline_rounded,unweighted_rim,3,10.0,3.933113635314902,3.9981507516742076,-1.6266799427728351,0.7665632732312355
baseline_rounded,unweighted_rim,4,10.0,3.942668406331781,3.8374167214799346,2.742774436320672,0.18056414822180678
baseline_rounded,midarc_rim,1,5.0,5.869265367725705,5.700002691520206,2.9695192329875386,10.801826585355334
baseline_rounded,midarc_rim,2,5.0,6.191203476330712,5.901027763385996,4.917375829769255,-7.8711072162656714
baseline_rounded,midarc_rim,3,5.0,6.191329997958294,5.686360730324714,8.880359364833069,-4.829794338086457
baseline_rounded,midarc_rim,4,5.0,5.914190334488718,5.915502774183166,-0.02218644373180867,-7.619424780249162
baseline_rounded,midarc_rim,1,10.0,5.981874482502504,6.066954806812557,-1.4023563223928504,28.06387800129486
baseline_rounded,midarc_rim,2,10.0,5.907290236791679,6.013732112170498,-1.7699803282458015,7.253332391856171
baseline_rounded,midarc_rim,3,10.0,5.907749638584583,6.051369401832814,-2.3733431841845953,25.28438915902256
baseline_rounded,midarc_rim,4,10.0,6.063589672507109,5.998524882561444,1.084679837451663,6.119424821299013
medium_rounded,weighted_hub,1,5.0,29.272331825906544,29.339046718373787,-0.22739284308600505,-0.2510387780987777
medium_rounded,weighted_hub,2,5.0,29.25309273110628,29.184461594034858,0.23516327978259088,-2.6724392010396336
medium_rounded,weighted_hub,3,5.0,29.169221378187554,29.13516293241472,0.11689807897021787,-0.7774964999494705
medium_rounded,weighted_hub,4,5.0,29.402909167763568,29.07567867145078,1.1254440524344211,-7.394326516159955
medium_rounded,weighted_hub,1,10.0,25.475687623668655,25.43395837557246,0.16406902724301897,0.9035883589884719
medium_rounded,weighted_hub,2,10.0,25.405123221753385,25.395925633452052,0.03621678703145115,-1.2075171874367574
medium_rounded,weighted_hub,3,10.0,25.421702521352724,25.33975347144765,0.32340113331177367,3.180124977359289
medium_rounded,weighted_hub,4,10.0,25.399244862293855,25.377338908229458,0.08632092649121237,3.296905671722472
medium_rounded,inner_insert_boss,1,5.0,25.515119325458844,25.63769315807591,-0.47810008436134366,-1.5739633578617185
medium_rounded,inner_insert_boss,2,5.0,25.828503462318764,26.074861630504657,-0.9448110278663213,1.6566924205730915
medium_rounded,inner_insert_boss,3,5.0,26.084961064935207,26.11558184286421,-0.1172509887516382,9.488994491510727
medium_rounded,inner_insert_boss,4,5.0,25.512019513322237,25.94688699852196,-1.6759909781257964,-8.267624874927792
medium_rounded,inner_insert_boss,1,10.0,22.394758221538797,22.565312772916812,-0.7558262236130653,-4.715900195679145
medium_rounded,inner_insert_boss,2,10.0,22.507644168474666,22.536371769135087,-0.12747216346405965,0.5298271705677537
medium_rounded,inner_insert_boss,3,10.0,22.262341546986633,22.477747078867868,-0.9583057017477747,-0.272379188054761
medium_rounded,inner_insert_boss,4,10.0,22.436065753139662,22.289811210619362,0.6561497589114618,6.816427782441892
medium_rounded,unweighted_hub,1,5.0,6.524444335789213,6.479705972841025,0.6904381639491808,-0.8277362761664575
medium_rounded,unweighted_hub,2,5.0,6.504368880438918,6.422916124973474,1.2681584794286938,-4.179130534282027
medium_rounded,unweighted_hub,3,5.0,6.48040209095056,6.445349136905357,0.5438488016807907,-2.3645049841558574
medium_rounded,unweighted_hub,4,5.0,6.481796794904188,6.336097080108329,2.2995183462903634,-10.452594474444554
medium_rounded,unweighted_hub,1,10.0,7.928421698935033,8.105038597040057,-2.179100025131586,2.187177131935436
medium_rounded,unweighted_hub,2,10.0,7.928037157354824,7.908469122866625,0.24743138253673358,-0.8516083353206749
medium_rounded,unweighted_hub,3,10.0,7.881983769561553,7.863999467314872,0.22869154965523553,-3.0226736890799133
medium_rounded,unweighted_hub,4,10.0,7.794397302275657,8.083193678555784,-3.572800402473164,3.0998643197611697
medium_rounded,unweighted_rim,1,5.0,3.0700878214773923,2.982503322084678,2.9366102878804368,4.581674282548676
medium_rounded,unweighted_rim,2,5.0,3.199284113126806,3.5607300840722718,-10.150894968486169,36.70629367893865
medium_rounded,unweighted_rim,3,5.0,3.2055519437622086,3.391119312432639,-5.472156877232159,-12.054417769044356
medium_rounded,unweighted_rim,4,5.0,3.3818569287112012,3.208670457442546,5.397452732079322,0.43670097448191836
medium_rounded,unweighted_rim,1,10.0,3.4448361948253607,3.515479655864569,-2.009497080188183,-0.6861439582037443
medium_rounded,unweighted_rim,2,10.0,3.4821154017742604,3.3728478023851105,3.2396243705951067,9.7316286405005
medium_rounded,unweighted_rim,3,10.0,3.4098071290287004,3.4897833407070475,-2.291724266817763,-1.6951948595564592
medium_rounded,unweighted_rim,4,10.0,3.3792263248244288,3.5543065480656097,-4.925861651873175,-3.6015477195863843
medium_rounded,midarc_rim,1,5.0,6.048812271237863,5.8788403172589705,2.8912497160348494,30.467523736960757
medium_rounded,midarc_rim,2,5.0,5.915297918347588,5.87896616668076,0.617995590325715,42.41274980508991
medium_rounded,midarc_rim,3,5.0,5.915234635606778,5.878755117183494,0.6205313488336195,42.414135132886656
medium_rounded,midarc_rim,4,5.0,6.186042128269369,5.878965593373981,5.223308931106607,3.742713517931051
medium_rounded,midarc_rim,1,10.0,5.8410745448576815,5.912393078413705,-1.2062549395845945,-8.774908089356682
medium_rounded,midarc_rim,2,10.0,5.908802525511412,5.9125068715551246,-0.06265271439318543,-8.079434037619858
medium_rounded,midarc_rim,3,10.0,5.908709502921338,5.91233961371356,-0.061398888247254924,-8.078848049617982
medium_rounded,midarc_rim,4,10.0,5.816832346593089,5.912486259764019,-1.6178289296311599,-11.414917577490858
wide_rounded,weighted_hub,1,5.0,21.394985139879413,21.358173757155374,0.17235266995478948,-0.7280278611090152
wide_rounded,weighted_hub,2,5.0,21.512512729442463,21.500434978421175,0.05617444964909346,9.903773011123484
wide_rounded,weighted_hub,3,5.0,21.259575272911498,21.4209056465683,-0.7531445043391427,0.7829231387414204
wide_rounded,weighted_hub,4,5.0,21.46773650847115,21.168010697220627,1.4159375462233559,-1.817496551280584
wide_rounded,weighted_hub,1,10.0,17.48441351372395,17.321315602557746,0.9416023292256215,-2.256668547608476
wide_rounded,weighted_hub,2,10.0,17.394658259246086,17.42086405805059,-0.15042766373228877,-2.850549891807641
wide_rounded,weighted_hub,3,10.0,17.578250947526545,17.47790498953332,0.5741303551730859,1.0380989179294087
wide_rounded,weighted_hub,4,10.0,17.209476427008653,17.600786088721243,-2.2232510510615477,3.3097771314326563
wide_rounded,inner_insert_boss,1,5.0,18.45418206580243,18.44595600439701,0.0445954734114018,1.7475942585251536
wide_rounded,inner_insert_boss,2,5.0,18.532969000218806,18.411988166717098,0.6570764243722493,-6.7233628751888315
wide_rounded,inner_insert_boss,3,5.0,18.013090321497657,18.71365918713885,-3.7436230864066666,3.334900829351395
wide_rounded,inner_insert_boss,4,5.0,18.34900005956838,18.362657742194163,-0.07437748291959645,6.397757892386058
wide_rounded,inner_insert_boss,1,10.0,16.05773783759644,16.14262337316257,-0.5258472158078953,-2.7291787971831183
wide_rounded,inner_insert_boss,2,10.0,15.87862234818871,15.875769457225218,0.01797009569317609,-1.135761069578256
wide_rounded,inner_insert_boss,3,10.0,16.14305611920901,15.920178651146726,1.3999683856954048,4.9626569358064865
wide_rounded,inner_insert_boss,4,10.0,16.107238070967277,15.999760783584097,0.6717430893932619,2.4837411481798854
wide_rounded,unweighted_hub,1,5.0,14.545597036414048,14.604903357864092,-0.4060713035674457,-2.005923284869948
wide_rounded,unweighted_hub,2,5.0,14.96012169306956,15.431463816373867,-3.0544226323116597,5.531156743490229
wide_rounded,unweighted_hub,3,5.0,14.585628461920106,15.298796763110012,-4.661597328422385,5.651482804797969
wide_rounded,unweighted_hub,4,5.0,15.034915953286918,14.835262741564614,1.3458016565013553,2.416146084024029
wide_rounded,unweighted_hub,1,10.0,13.995028625477682,14.286855674869736,-2.0426261455511963,2.2710204747203644
wide_rounded,unweighted_hub,2,10.0,14.231745784503742,13.47887203242212,5.585584240807817,-4.596348265108197
wide_rounded,unweighted_hub,3,10.0,14.043086423949802,14.049286703651871,-0.04413234517064435,-0.43860820481340657
wide_rounded,unweighted_hub,4,10.0,13.783099454358332,14.02706332843114,-1.739236990385029,6.657830351234462
wide_rounded,unweighted_rim,1,5.0,4.274531570753759,4.281879433032472,-0.17160367062249993,12.41150878637951
wide_rounded,unweighted_rim,2,5.0,4.069066741341705,4.048323517766192,0.5123904619895425,5.557356816526693
wide_rounded,unweighted_rim,3,5.0,4.057060951371441,4.197328211119057,-3.3418225283416425,10.631531815466587
wide_rounded,unweighted_rim,4,5.0,4.054686019026871,4.282550850350525,-5.32077351294038,19.013705120235723
wide_rounded,unweighted_rim,1,10.0,3.8745796329629068,3.8995878741868184,-0.6413047232363356,-4.334535574049802
wide_rounded,unweighted_rim,2,10.0,3.9381393932384006,4.095086131409836,-3.8325625673080177,-5.122597508514504
wide_rounded,unweighted_rim,3,10.0,3.996947189053531,3.95214600351078,1.1335913577826595,-1.9038021541959327
wide_rounded,unweighted_rim,4,10.0,3.8903377564442656,3.8996348216314645,-0.23840861035571148,-0.38807518382779627
wide_rounded,midarc_rim,1,5.0,5.669985645934145,5.634280275126739,0.6337166250857562,74.0604035091038
wide_rounded,midarc_rim,2,5.0,5.590676636759236,5.634189934466793,-0.7723079664277432,78.9537068714264
wide_rounded,midarc_rim,3,5.0,5.590769956816842,5.634389486939617,-0.7741660427253882,78.95546464078163
wide_rounded,midarc_rim,4,5.0,5.688480675204453,5.634345787422006,0.9608016587000501,50.37263876314988
wide_rounded,midarc_rim,1,10.0,5.612735454268692,5.603353154068399,0.16744081521045118,0.05267493793106315
wide_rounded,midarc_rim,2,10.0,5.5900677164948975,5.603273347659028,-0.23567708274749855,1.0844745815358214
wide_rounded,midarc_rim,3,10.0,5.590161900902934,5.603425704323119,-0.23670882992080644,1.085100465459643
wide_rounded,midarc_rim,4,10.0,5.605160302850644,5.603403013370227,0.0313611117427115,-2.989864137106779
